open_timestamp_utc,close_timestamp_utc,open,high,low,close,volume
1555671600,1555675199,153.96,154.55,153.96,154.11,161.77
1555675200,1555678799,154.0,154.57,153.15,153.56,239.58
1555678800,1555682399,153.63,153.85,153.45,153.7,230.66
1555682400,1555685999,153.66,153.96,152.9,153.6,458.13
1555686000,1555689599,153.39,154.79,153.39,153.79,1127.92
1555689600,1555693199,153.99,155.19,153.35,153.76,759.89
1555693200,1555696799,153.48,153.7,153.08,153.54,368.7
1555696800,1555700399,153.54,154.11,153.3,153.87,273.18
1555700400,1555703999,153.88,154.27,153.5,154.13,230.61
1555704000,1555707599,154.12,154.5,153.78,153.9,539.5
1555707600,1555711199,153.9,154.09,153.5,153.67,199.92
1555711200,1555714799,153.68,154.04,153.5,153.97,164.65
1555714800,1555718399,154.11,155.12,153.95,154.75,224.81
1555718400,1555721999,154.85,155.23,154.49,154.58,32.22
1555722000,1555725599,154.67,155.51,154.67,155.51,49.47
1555725600,1555729199,155.54,156.0,155.25,155.32,98.82
1555729200,1555732799,155.36,155.36,154.98,155.28,158.96
1555732800,1555736399,155.2,156.17,154.68,155.94,217.61
1555736400,1555739999,155.86,156.06,155.36,155.89,241.2
1555740000,1555743599,155.71,156.06,155.43,155.6,114.43
1555743600,1555747199,155.51,156.0,155.51,155.87,333.45
1555747200,1555750799,155.87,158.04,155.85,156.85,1293.95
1555750800,1555754399,156.83,156.85,156.0,156.09,285.5
1555754400,1555757999,156.02,156.02,154.03,154.42,1232.36
1555758000,1555761599,154.66,155.15,154.44,154.51,92.79
1555761600,1555765199,154.45,155.15,154.45,154.88,151.3
1555765200,1555768799,154.97,155.33,154.66,154.66,341.27
1555768800,1555772399,154.89,155.02,153.97,154.15,188.07
1555772400,1555775999,154.05,154.81,153.9,154.26,167.34
1555776000,1555779599,154.35,154.99,154.02,154.98,284.01
1555779600,1555783199,154.78,155.12,154.63,154.7,90.65
1555783200,1555786799,154.87,155.12,154.67,154.79,99.91
1555786800,1555790399,154.9,154.93,154.6,154.6,156.33
1555790400,1555793999,154.61,154.79,154.2,154.25,94.61
1555794000,1555797599,154.26,154.26,152.2,152.48,866.29
1555797600,1555801199,152.47,153.92,152.47,153.84,388.63
1555801200,1555804799,153.88,154.79,153.51,154.64,185.91
1555804800,1555808399,154.65,156.01,154.64,154.79,678.56
1555808400,1555811999,154.75,155.07,154.71,154.91,15.72
1555812000,1555815599,154.9,154.9,154.7,154.77,8.69
1555815600,1555819199,154.71,154.95,154.54,154.54,103.7
1555819200,1555822799,154.66,154.67,154.19,154.38,22.1
1555822800,1555826399,154.23,154.37,153.6,153.68,299.49
1555826400,1555829999,153.68,154.71,153.5,153.94,740.39
1555830000,1555833599,153.97,154.7,153.02,153.15,180.18
1555833600,1555837199,153.24,153.24,150.54,152.59,944.0
1555837200,1555840799,152.58,152.63,150.0,150.43,1073.16
1555840800,1555844399,150.25,151.37,149.61,151.05,1011.07
1555844400,1555847999,150.82,151.03,149.96,150.29,337.12
1555848000,1555851599,150.02,150.44,148.8,150.09,863.87
1555851600,1555855199,150.13,151.4,150.13,150.95,543.33
1555855200,1555858799,150.97,150.97,150.19,150.63,97.12
1555858800,1555862399,150.6,151.0,150.39,150.92,139.73
1555862400,1555865999,150.93,150.93,150.72,150.73,138.75
1555866000,1555869599,150.73,150.73,150.14,150.35,188.25
1555869600,1555873199,150.34,150.79,149.78,150.11,231.3
1555873200,1555876799,150.13,150.4,149.99,150.35,66.21
1555876800,1555880399,150.2,150.96,150.13,150.16,161.52
1555880400,1555883999,150.15,150.97,150.1,150.97,102.14
1555884000,1555887599,150.98,151.98,150.81,151.64,236.11
1555887600,1555891199,151.55,151.99,151.06,151.23,93.79
1555891200,1555894799,151.58,152.0,151.29,151.85,71.73
1555894800,1555898399,151.87,151.87,150.95,151.15,34.81
1555898400,1555901999,151.24,151.38,150.74,150.74,29.0
1555902000,1555905599,151.1,151.1,150.1,150.1,50.08
1555905600,1555909199,150.12,151.11,150.12,151.11,28.71
1555909200,1555912799,151.3,151.89,151.13,151.24,70.18
1555912800,1555916399,151.34,152.0,151.24,151.98,230.74
1555916400,1555919999,151.98,152.2,151.57,151.74,121.53
1555920000,1555923599,151.71,152.18,151.4,151.52,378.55
1555923600,1555927199,151.57,152.89,151.0,152.63,340.78
1555927200,1555930799,152.74,153.4,152.31,153.13,261.95
1555930800,1555934399,153.1,153.49,152.54,152.6,219.32
1555934400,1555937999,152.7,153.08,152.33,152.52,391.01
1555938000,1555941599,152.52,152.54,152.12,152.13,75.4
1555941600,1555945199,152.12,152.85,152.04,152.73,506.47
1555945200,1555948799,152.75,154.15,151.8,152.16,516.89
1555948800,1555952399,152.07,152.07,150.11,150.8,307.54
1555952400,1555955999,151.0,153.14,151.0,152.6,212.45
1555956000,1555959599,152.7,153.5,152.24,153.22,633.3
1555959600,1555963199,153.41,154.23,152.25,153.4,747.45
1555963200,1555966799,153.4,153.59,152.66,152.9,356.72
1555966800,1555970399,152.76,153.34,152.55,153.04,318.31
1555970400,1555973999,153.1,153.4,152.95,153.37,132.45
1555974000,1555977599,153.37,153.39,152.12,152.44,79.43
1555977600,1555981199,152.64,152.64,151.52,152.06,290.68
1555981200,1555984799,152.12,152.61,152.12,152.18,77.34
1555984800,1555988399,152.18,152.97,152.18,152.97,38.08
1555988400,1555991999,152.97,153.5,152.92,153.23,74.55
1555992000,1555995599,153.17,155.39,153.03,154.17,1220.06
1555995600,1555999199,154.26,155.28,154.19,155.07,337.58
1555999200,1556002799,155.07,155.86,154.42,155.81,704.25
1556002800,1556006399,155.88,156.79,155.55,156.42,620.81
1556006400,1556009999,156.44,157.25,156.0,156.18,1339.95
1556010000,1556013599,156.0,156.0,154.83,155.71,1034.03
1556013600,1556017199,155.61,156.0,155.31,155.79,422.54
1556017200,1556020799,155.8,156.23,155.2,155.43,454.09
1556020800,1556024399,155.43,156.0,155.3,155.95,404.33
1556024400,1556027999,155.95,156.49,155.5,156.33,839.8
1556028000,1556031599,156.33,156.8,155.95,155.98,777.48
1556031600,1556035199,155.98,156.3,155.02,155.38,669.09
1556035200,1556038799,155.24,155.64,155.02,155.23,218.5
1556038800,1556042399,155.22,155.99,155.12,155.45,610.04
1556042400,1556045999,155.44,155.78,154.61,155.1,601.61
1556046000,1556049599,155.1,155.33,153.8,154.62,922.38
1556049600,1556053199,154.61,154.64,153.37,153.98,972.93
1556053200,1556056799,153.85,154.41,153.02,154.28,1256.47
1556056800,1556060399,154.13,154.3,150.19,152.87,1122.61
1556060400,1556063999,152.96,153.0,151.95,151.95,317.1
1556064000,1556067599,151.88,152.64,151.5,152.36,267.54
1556067600,1556071199,152.24,152.34,149.2,150.83,1037.15
1556071200,1556074799,150.21,151.24,149.52,151.24,53.67
1556074800,1556078399,151.25,151.95,151.17,151.65,72.31
1556078400,1556081999,151.17,152.12,150.82,151.86,112.34
1556082000,1556085599,151.78,152.2,151.15,151.77,247.03
1556085600,1556089199,151.94,152.51,151.1,151.63,540.59
1556089200,1556092799,151.62,151.66,144.45,147.3,3790.78
1556092800,1556096399,147.1,148.18,146.53,147.74,1297.9
1556096400,1556099999,147.66,147.66,146.7,146.7,812.11
1556100000,1556103599,146.84,147.64,146.23,146.87,854.74
1556103600,1556107199,146.74,147.73,145.9,147.7,788.32
1556107200,1556110799,147.48,148.21,147.21,147.57,524.52
1556110800,1556114399,147.72,148.36,146.9,146.9,675.97
1556114400,1556117999,146.9,147.83,146.57,147.26,436.89
1556118000,1556121599,147.47,147.86,147.15,147.28,441.39
1556121600,1556125199,147.37,147.54,145.29,146.03,967.99
1556125200,1556128799,145.9,146.54,145.1,145.19,660.69
1556128800,1556132399,145.26,145.99,143.94,145.64,2017.41
1556132400,1556135999,145.77,147.02,145.77,146.52,1036.32
1556136000,1556139599,146.6,147.91,146.6,147.9,533.86
1556139600,1556143199,147.91,148.0,147.13,147.2,320.37
1556143200,1556146799,147.12,148.37,147.11,148.37,267.65
1556146800,1556150399,148.37,148.85,147.41,148.85,502.07
1556150400,1556153999,148.85,149.23,148.56,148.69,480.53
1556154000,1556157599,148.43,148.78,148.37,148.59,15.73
1556157600,1556161199,148.52,148.52,146.87,146.97,316.71
1556161200,1556164799,147.0,147.46,146.79,147.3,139.18
1556164800,1556168399,147.37,148.03,147.37,147.61,166.65
1556168400,1556171999,147.5,147.63,146.87,147.42,228.95
1556172000,1556175599,147.42,147.5,145.53,145.91,1215.34
1556175600,1556179199,146.18,146.92,145.62,146.92,281.81
1556179200,1556182799,146.52,146.99,146.25,146.63,486.95
1556182800,1556186399,146.63,146.83,145.49,146.38,411.38
1556186400,1556189999,146.41,147.97,146.41,147.79,711.38
1556190000,1556193599,147.73,148.18,147.05,148.07,506.78
1556193600,1556197199,148.07,148.49,147.61,147.83,426.67
1556197200,1556200799,147.71,147.76,147.13,147.64,295.08
1556200800,1556204399,147.63,147.73,147.08,147.31,572.97
1556204400,1556207999,147.33,148.17,147.33,147.68,355.89
1556208000,1556211599,147.79,148.67,147.66,148.13,478.29
1556211600,1556215199,148.28,148.39,147.77,148.26,509.1
1556215200,1556218799,148.09,148.5,148.08,148.46,334.28
1556218800,1556222399,148.3,148.95,147.77,148.0,351.93
1556222400,1556225999,147.99,148.64,147.54,148.38,600.7
1556226000,1556229599,148.37,148.55,144.63,144.63,1284.44
1556229600,1556233199,144.51,144.54,133.0,137.79,9930.84
1556233200,1556236799,137.82,137.98,136.15,137.05,1172.08
1556236800,1556240399,136.78,136.78,133.72,135.7,886.85
1556240400,1556243999,135.7,137.0,135.45,136.62,887.89
1556244000,1556247599,136.54,140.15,136.19,137.2,645.47
1556247600,1556251199,137.62,138.48,137.0,137.41,164.56
1556251200,1556254799,137.49,139.35,137.49,137.6,319.17
1556254800,1556258399,137.6,138.39,137.27,137.77,1354.89
1556258400,1556261999,137.84,138.19,136.12,136.94,1434.45
1556262000,1556265599,136.98,137.37,136.25,136.78,729.09
1556265600,1556269199,136.79,137.69,136.5,136.81,817.11
1556269200,1556272799,137.07,137.16,136.39,136.74,1113.19
1556272800,1556276399,136.74,137.45,136.52,136.77,1038.34
1556276400,1556279999,136.96,137.34,136.37,136.38,1603.26
1556280000,1556283599,136.45,137.36,135.89,137.36,1139.03
1556283600,1556287199,137.35,137.45,136.89,137.01,641.41
1556287200,1556290799,137.0,137.01,136.1,136.72,625.01
1556290800,1556294399,136.7,136.74,135.8,135.82,594.37
1556294400,1556297999,135.95,136.03,134.03,135.87,944.89
1556298000,1556301599,135.82,136.66,135.24,136.01,758.59
1556301600,1556305199,136.0,136.36,134.66,135.04,515.7
1556305200,1556308799,135.04,135.68,134.71,135.0,413.43
1556308800,1556312399,135.16,136.09,134.99,135.69,368.28
1556312400,1556315999,135.66,136.85,135.57,136.84,354.91
1556316000,1556319599,136.85,138.42,136.85,137.3,407.97
1556319600,1556323199,137.28,137.73,136.81,137.73,103.26
1556323200,1556326799,137.79,138.28,137.27,137.45,56.08
1556326800,1556330399,137.44,137.75,137.3,137.3,29.65
1556330400,1556333999,137.34,137.84,137.0,137.0,42.21
1556334000,1556337599,137.01,138.21,136.9,137.74,193.15
1556337600,1556341199,137.7,138.12,137.36,138.12,23.66
1556341200,1556344799,138.18,138.38,137.85,138.29,108.67
1556344800,1556348399,138.38,138.72,138.26,138.57,445.0
1556348400,1556351999,138.57,138.59,137.87,138.5,221.52
1556352000,1556355599,138.49,138.56,137.54,137.75,123.12
1556355600,1556359199,137.63,138.42,137.51,138.25,296.17
1556359200,1556362799,138.35,138.81,138.08,138.43,340.32
1556362800,1556366399,138.29,138.61,137.72,137.72,304.66
1556366400,1556369999,137.97,137.97,137.48,137.6,256.58
1556370000,1556373599,137.58,138.16,137.53,138.16,185.76
1556373600,1556377199,138.18,138.55,138.1,138.42,147.8
1556377200,1556380799,138.26,138.8,138.26,138.62,331.96
1556380800,1556384399,138.66,139.48,138.62,139.38,374.02
1556384400,1556387999,139.44,141.36,139.0,141.36,1001.2
1556388000,1556391599,141.2,141.57,140.16,140.78,647.35
1556391600,1556395199,140.92,142.45,140.73,141.8,788.09
1556395200,1556398799,141.68,141.77,141.15,141.38,635.56
1556398800,1556402399,141.45,141.87,141.14,141.16,173.17
1556402400,1556405999,141.16,141.43,140.46,140.63,567.93
1556406000,1556409599,140.6,140.67,139.49,140.15,751.33
1556409600,1556413199,140.0,140.62,139.86,140.21,192.7
1556413200,1556416799,140.28,140.31,139.7,139.87,186.36
1556416800,1556420399,139.92,139.92,138.9,139.25,250.98
1556420400,1556423999,139.23,139.69,139.11,139.45,49.42
1556424000,1556427599,139.61,140.03,139.19,139.33,48.69
1556427600,1556431199,139.27,139.27,138.6,139.08,53.29
1556431200,1556434799,139.31,139.6,139.01,139.23,122.75
1556434800,1556438399,139.23,139.78,139.23,139.66,115.41
1556438400,1556441999,139.77,139.92,139.56,139.89,115.13
1556442000,1556445599,139.95,140.37,139.88,140.02,287.14
1556445600,1556449199,139.96,140.5,139.9,140.47,145.58
1556449200,1556452799,140.26,140.88,139.97,140.8,264.58
1556452800,1556456399,140.68,140.76,140.18,140.19,96.56
1556456400,1556459999,140.12,140.8,138.57,138.77,340.13
1556460000,1556463599,138.89,139.6,138.63,138.83,226.85
1556463600,1556467199,138.89,139.48,137.92,139.25,1383.86
1556467200,1556470799,139.22,139.22,138.61,139.02,339.25
1556470800,1556474399,138.64,139.16,138.34,138.77,390.02
1556474400,1556477999,138.77,138.84,137.6,138.43,905.01
1556478000,1556481599,138.43,138.63,136.98,138.18,560.12
1556481600,1556485199,138.14,138.68,137.84,138.13,291.44
1556485200,1556488799,138.13,138.13,137.61,137.62,140.43
1556488800,1556492399,137.61,137.85,137.49,137.84,219.42
1556492400,1556495999,137.84,137.89,137.51,137.68,240.05
1556496000,1556499599,137.7,138.23,137.51,137.89,386.14
1556499600,1556503199,137.95,138.07,137.67,137.75,182.22
1556503200,1556506799,137.79,138.25,137.78,138.25,54.44
1556506800,1556510399,138.21,138.39,138.21,138.26,3.92
1556510400,1556513999,138.32,138.7,138.15,138.7,107.26
1556514000,1556517599,138.6,138.61,138.08,138.2,80.06
1556517600,1556521199,138.21,138.42,138.16,138.21,233.07
1556521200,1556524799,138.24,138.45,137.63,137.74,326.75
1556524800,1556528399,137.79,138.01,137.7,137.7,439.24
1556528400,1556531999,137.71,137.88,136.5,137.19,600.03
1556532000,1556535599,137.31,137.4,135.14,136.11,623.02
1556535600,1556539199,135.96,136.46,135.38,136.34,966.75
1556539200,1556542799,136.39,136.52,134.2,135.33,1134.47
1556542800,1556546399,135.17,135.56,133.61,135.56,1149.15
1556546400,1556549999,135.6,136.23,135.55,135.89,510.91
1556550000,1556553599,135.68,136.0,135.5,135.79,561.56
1556553600,1556557199,135.78,138.27,135.59,137.51,1033.15
1556557200,1556560799,137.26,138.21,137.26,137.66,272.09
1556560800,1556564399,137.66,137.66,136.32,136.98,568.53
1556564400,1556567999,136.98,137.17,136.34,136.67,345.06
1556568000,1556571599,136.47,136.9,135.75,136.03,956.42
1556571600,1556575199,135.98,136.24,135.83,136.04,230.19
1556575200,1556578799,136.01,136.21,135.54,135.85,304.45
1556578800,1556582399,135.94,136.7,135.86,136.07,108.12
1556582400,1556585999,136.27,136.82,136.26,136.62,59.72
1556586000,1556589599,136.62,137.96,136.62,137.84,314.77
1556589600,1556593199,137.96,138.98,137.74,138.81,326.09
1556593200,1556596799,138.89,138.9,138.12,138.21,170.08
1556596800,1556600399,138.19,138.28,137.55,137.79,94.28
1556600400,1556603999,137.65,138.05,137.55,137.74,193.58
1556604000,1556607599,137.83,138.0,137.83,138.0,182.99
1556607600,1556611199,137.99,139.5,137.99,138.78,732.33
1556611200,1556614799,138.89,139.34,138.6,138.86,571.29
1556614800,1556618399,138.85,139.14,137.82,138.76,385.44
1556618400,1556621999,138.73,140.28,138.73,139.75,960.03
1556622000,1556625599,139.74,140.24,139.42,140.24,884.42
1556625600,1556629199,140.25,140.28,139.54,140.19,640.56
1556629200,1556632799,140.17,140.8,139.42,140.31,992.74
1556632800,1556636399,140.32,141.09,139.58,140.16,588.18
1556636400,1556639999,140.0,140.58,139.53,140.57,219.64
1556640000,1556643599,140.57,140.57,139.71,140.0,558.74
1556643600,1556647199,140.0,140.32,139.6,139.99,395.64
1556647200,1556650799,140.0,140.21,139.6,139.82,353.5
1556650800,1556654399,139.9,139.95,139.33,139.48,383.23
1556654400,1556657999,139.44,139.89,139.15,139.71,147.23
1556658000,1556661599,139.67,140.71,139.57,140.71,201.29
1556661600,1556665199,140.69,143.88,140.67,143.24,1000.75
1556665200,1556668799,143.27,143.46,142.46,142.78,328.98
1556668800,1556672399,143.13,145.21,143.11,144.28,509.98
1556672400,1556675999,144.3,144.43,143.64,143.77,119.71
1556676000,1556679599,143.64,143.93,143.62,143.72,24.53
1556679600,1556683199,143.63,143.64,143.06,143.09,131.61
1556683200,1556686799,143.1,143.18,142.0,142.57,228.39
1556686800,1556690399,142.56,142.93,142.44,142.64,119.66
1556690400,1556693999,142.64,143.37,142.43,143.36,148.92
1556694000,1556697599,143.28,143.36,143.0,143.04,203.86
1556697600,1556701199,143.02,143.04,141.26,141.6,732.27
1556701200,1556704799,141.76,141.85,141.19,141.85,289.41
1556704800,1556708399,141.63,141.85,141.16,141.63,448.72
1556708400,1556711999,141.64,142.34,141.63,142.03,314.22
1556712000,1556715599,142.16,142.18,141.12,141.61,295.46
1556715600,1556719199,141.5,141.61,140.71,141.27,427.78
1556719200,1556722799,141.41,141.48,140.85,140.96,183.95
1556722800,1556726399,140.99,141.28,140.81,141.0,80.45
1556726400,1556729999,141.01,141.69,141.01,141.35,245.05
1556730000,1556733599,141.42,142.6,141.13,142.49,225.91
1556733600,1556737199,142.47,142.47,141.1,141.65,383.31
1556737200,1556740799,141.65,141.76,140.06,140.54,338.48
1556740800,1556744399,140.55,141.03,140.49,140.81,218.02
1556744400,1556747999,140.96,141.02,140.1,140.49,169.19
1556748000,1556751599,140.36,140.66,140.33,140.44,208.14
1556751600,1556755199,140.5,141.51,140.5,141.48,113.07
1556755200,1556758799,141.44,141.48,140.93,141.01,44.68
1556758800,1556762399,141.0,141.22,140.9,140.9,64.63
1556762400,1556765999,140.98,141.5,140.97,141.16,50.8
1556766000,1556769599,141.02,141.57,141.02,141.57,27.77
1556769600,1556773199,141.52,141.52,141.22,141.22,22.45
1556773200,1556776799,141.21,141.65,141.17,141.55,63.92
1556776800,1556780399,141.59,142.0,141.52,142.0,186.22
1556780400,1556783999,142.0,142.77,142.0,142.01,562.35
1556784000,1556787599,142.01,142.53,142.0,142.25,616.58
1556787600,1556791199,142.37,142.42,141.5,141.55,642.91
1556791200,1556794799,141.55,141.92,141.42,141.42,276.22
1556794800,1556798399,141.42,141.73,141.32,141.52,426.19
1556798400,1556801999,141.64,141.72,141.22,141.22,344.11
1556802000,1556805599,141.23,141.27,139.54,141.08,632.55
1556805600,1556809199,141.22,141.36,140.78,141.08,275.11
1556809200,1556812799,141.26,142.0,141.25,141.96,441.2
1556812800,1556816399,141.96,142.09,140.63,140.78,565.5
1556816400,1556819999,140.78,141.33,140.78,141.22,316.94
1556820000,1556823599,141.3,141.3,140.83,140.83,371.62
1556823600,1556827199,140.84,141.62,140.72,141.4,195.67
1556827200,1556830799,141.4,142.92,141.04,142.62,524.33
1556830800,1556834399,142.65,143.79,142.58,142.59,342.0
1556834400,1556837999,142.6,143.17,142.46,142.95,260.88
1556838000,1556841599,142.94,143.11,142.41,142.41,133.01
1556841600,1556845199,142.3,142.31,141.5,141.7,60.55
1556845200,1556848799,141.85,143.21,141.73,142.82,297.42
1556848800,1556852399,142.87,143.46,142.63,142.86,34.36
1556852400,1556855999,142.85,143.05,142.5,142.51,34.22
1556856000,1556859599,142.5,143.77,142.5,143.1,109.73
1556859600,1556863199,143.14,143.14,142.74,143.06,118.12
1556863200,1556866799,142.94,144.78,142.94,143.77,735.43
1556866800,1556870399,143.87,144.48,143.54,143.73,586.76
1556870400,1556873999,143.72,144.63,143.72,144.09,792.58
1556874000,1556877599,144.11,151.63,143.75,149.51,3696.01
1556877600,1556881199,149.65,149.84,147.74,148.03,1031.53
1556881200,1556884799,148.24,149.33,148.13,148.58,722.69
1556884800,1556888399,148.56,149.95,148.56,149.63,531.88
1556888400,1556891999,149.76,149.8,149.15,149.45,763.55
1556892000,1556895599,149.57,149.57,148.7,148.94,924.33
1556895600,1556899199,148.84,148.92,148.09,148.44,434.31
1556899200,1556902799,148.43,148.95,148.07,148.18,418.9
1556902800,1556906399,148.2,148.6,146.82,147.38,763.47
1556906400,1556909999,147.37,147.77,146.91,147.63,774.78
1556910000,1556913599,147.44,147.77,146.96,147.55,461.03
1556913600,1556917199,147.62,148.37,147.39,147.91,496.4
1556917200,1556920799,148.09,148.09,147.07,147.98,306.27
1556920800,1556924399,147.98,147.98,147.01,147.6,323.28
1556924400,1556927999,147.27,147.29,146.82,146.93,102.87
1556928000,1556931599,147.39,149,147.12,148.83,325.5
1556931600,1556935199,148.67,149.86,148.31,149.67,239.29
1556935200,1556938799,149.49,149.52,147.93,148.19,131.53
1556938800,1556942399,148.2,148.23,146.15,146.56,754.37
1556942400,1556945999,146.57,146.72,143.12,145.13,819.15
1556946000,1556949599,145.01,145.81,144.2,144.78,457.17
1556949600,1556953199,144.63,146.37,144.41,146.37,255.75
1556953200,1556956799,146.03,146.51,144.94,146.23,1467.31
1556956800,1556960399,146.23,146.23,145.21,145.64,486.77
1556960400,1556963999,145.52,145.92,145,145.1,248.36
1556964000,1556967599,145.14,145.14,144.2,144.69,459.69
1556967600,1556971199,144.81,145,144.42,144.67,325.65
1556971200,1556974799,144.68,144.86,144.03,144.56,556.12
1556974800,1556978399,144.38,144.74,141.23,142.39,1704.63
1556978400,1556981999,142.52,143,141.57,142.48,719.5
1556982000,1556985599,142.48,142.96,142.27,142.4,268.06
1556985600,1556989199,142.25,142.81,141.75,142.5,295.58
1556989200,1556992799,142.41,142.78,142,142.56,226.6
1556992800,1556996399,142.61,142.97,142.2,142.97,708.22
1556996400,1556999999,142.96,143.77,142.96,143.5,194.07
1557000000,1557003599,143.5,144.38,143.31,144.35,364.8
1557003600,1557007199,144.49,146.08,144.49,145.62,512.99
1557007200,1557010799,145.37,146.4,145.11,145.59,512.12
1557010800,1557014399,145.66,145.66,144.24,144.51,764.14
1557014400,1557017999,144.63,145.47,143.81,144.5,253.72
1557018000,1557021599,144.28,144.66,143.93,144.37,266.39
1557021600,1557025199,144.54,145.14,144.45,144.6,69.41
1557025200,1557028799,144.66,144.81,144.46,144.81,34.31
1557028800,1557032399,144.95,144.95,144.26,144.7,49.06
1557032400,1557035999,144.81,145.68,144.76,145.61,64.71
1557036000,1557039599,145.61,145.79,144.73,145,445.81
1557039600,1557043199,144.99,145,143.67,143.79,312.88
1557043200,1557046799,143.9,144.19,143.31,143.98,321.03
1557046800,1557050399,144.04,144.41,143.72,143.94,251.06
1557050400,1557053999,143.93,144.17,143.37,144.13,304.1
1557054000,1557057599,144.27,144.33,143.69,143.72,110.1
1557057600,1557061199,143.82,144.55,143.69,144.4,124.93
1557061200,1557064799,144.45,144.71,144.24,144.53,145.74
1557064800,1557068399,144.53,144.7,143.56,143.56,514.84
1557068400,1557071999,143.72,144.06,143.55,143.97,147.03
1557072000,1557075599,143.96,143.98,142.6,143.03,371.82
1557075600,1557079199,142.93,142.95,141.6,141.61,180.56
1557079200,1557082799,141.6,142.76,140.62,142.76,950.36
1557082800,1557086399,142.68,143.88,142.36,143.74,220.35
1557086400,1557089999,143.77,145.8,143.77,145.69,1134.2
1557090000,1557093599,145.61,146.32,144.66,144.8,402.13
1557093600,1557097199,144.79,144.92,144.13,144.13,167.92
1557097200,1557100799,144.2,144.5,144.13,144.15,68.87
1557100800,1557104399,144.17,144.4,143.39,143.72,454.68
1557104400,1557107999,143.59,143.59,142.05,142.57,331.39
1557108000,1557111599,142.57,142.9,142.32,142.66,106.11
1557111600,1557115199,142.61,142.91,142.31,142.32,92.42
1557115200,1557118799,142.31,142.43,141.85,142.43,82.22
1557118800,1557122399,142.5,142.79,142.3,142.31,108.52
1557122400,1557125999,142.31,142.34,141.25,141.87,422.54
1557126000,1557129599,141.78,142.53,141.58,141.76,205.49
1557129600,1557133199,141.87,142.17,141.18,141.57,921.35
1557133200,1557136799,141.43,145.5,141.4,144.73,1041.82
1557136800,1557140399,144.77,146.16,144.74,144.88,981.02
1557140400,1557143999,145.04,146.73,144.87,146.07,1194.78
1557144000,1557147599,146.14,146.22,145,145.33,970.31
1557147600,1557151199,145.38,146.08,145.3,145.64,337.14
1557151200,1557154799,145.47,149.12,145.47,148.09,1919.28
1557154800,1557158399,148.09,151,147.79,150.39,2640.77
1557158400,1557161999,150.39,157,150.39,155.35,6991.34
1557162000,1557165599,155.31,155.71,154.32,155.17,1605.21
1557165600,1557169199,155.17,155.58,154.53,155.29,1307.89
1557169200,1557172799,155.3,155.91,154.47,154.86,909.18
1557172800,1557176399,154.87,154.87,154.13,154.76,505.68
1557176400,1557179999,154.79,154.87,154.37,154.61,356.51
1557180000,1557183599,154.46,154.85,153.43,154.8,1272.85
1557183600,1557187199,154.61,154.71,152.8,152.8,506.32
1557187200,1557190799,152.87,161.37,152.87,160.3,2556.48
1557190800,1557194399,160.1,161.17,158.51,158.51,1437.99
1557194400,1557197999,158.5,159.65,158.07,158.82,286.53
1557198000,1557201599,158.65,159.35,158.06,158.6,329.77
1557201600,1557205199,158.46,158.64,156.95,157.56,461.31
1557205200,1557208799,157.55,158.12,156.21,156.42,841.48
1557208800,1557212399,156.36,157.89,156.2,156.96,1310.61
1557212400,1557215999,156.65,157.22,155.54,156.75,941.08
1557216000,1557219599,156.6,157.28,156.13,156.29,1135.23
1557219600,1557223199,156.3,158.63,156.09,157.92,1360.37
1557223200,1557226799,157.81,158.47,156.94,157.19,710.37
1557226800,1557230399,157.17,157.6,156,157.6,611.12
1557230400,1557233999,157.6,157.99,157.01,157.55,418
1557234000,1557237599,157.55,158.74,157.07,158.74,544.14
1557237600,1557241199,158.74,159,150.46,153.12,4812.54
1557241200,1557244799,153.12,153.79,152.3,153.79,1306.14
1557244800,1557248399,153.72,155.3,153.72,155.01,2097.14
1557248400,1557251999,155.01,155.12,153.51,153.87,674.22
1557252000,1557255599,153.93,153.93,152.2,152.67,860.14
1557255600,1557259199,152.66,152.9,151.21,151.93,1128.51
1557259200,1557262799,151.93,153.4,151.8,152.55,736.77
1557262800,1557266399,152.41,153.99,152.24,153.95,385.25
1557266400,1557269999,153.96,154.44,153.03,154.35,241.87
1557270000,1557273599,154.44,155,148.26,149,2051.29
1557273600,1557277199,149,149,145.55,148,1437.32
1557277200,1557280799,147.88,149.41,147.75,148.94,105.72
1557280800,1557284399,148.98,149.95,148.93,149.55,87.19
1557284400,1557287999,149.16,149.44,148.59,149.32,183.12
1557288000,1557291599,149.24,150.5,149.19,150.47,486.73
1557291600,1557295199,150.49,150.84,149.42,150.77,438.1
1557295200,1557298799,150.75,151.81,150.7,151.28,749.67
1557298800,1557302399,151.28,151.44,150,150.48,394.46
1557302400,1557305999,150.38,150.99,149.35,150.1,452.12
1557306000,1557309599,150.11,150.63,150.01,150.46,818.69
1557309600,1557313199,150.47,150.97,149.69,150.32,1092.75
1557313200,1557316799,150.55,151.37,150.08,151.01,871.71
1557316800,1557320399,151,151.36,150.48,151.1,668.5
1557320400,1557323999,151.1,151.14,150.2,150.67,538.27
1557324000,1557327599,150.66,150.68,148.51,150.28,850.77
1557327600,1557331199,150.09,151.24,149.98,150.65,701.56
1557331200,1557334799,150.78,151.11,149.72,149.72,340.94
1557334800,1557338399,149.95,150.43,149.29,149.89,355.83
1557338400,1557341999,149.9,149.97,148.94,149.97,671.57
1557342000,1557345599,149.95,150.57,149.52,150.34,435.29
1557345600,1557349199,150,150.78,149.53,150.6,878.45
1557349200,1557352799,150.8,151.35,150.32,150.53,566.39
1557352800,1557356399,150.79,153.33,150.52,152.13,515.81
1557356400,1557359999,152.13,153.66,149.42,151.67,1180.67
1557360000,1557363599,151.65,153.43,150.88,152.41,567.66
1557363600,1557367199,153.15,154.5,152.59,153.3,614.62
1557367200,1557370799,153.06,153.4,152.24,153,215.55
1557370800,1557374399,153.01,153.01,151.85,152.68,215.96
1557374400,1557377999,152.61,152.61,151.77,152.38,109.81
1557378000,1557381599,152.38,152.65,150.85,151.04,457.1
1557381600,1557385199,151.1,151.82,150.26,151.48,576.67
1557385200,1557388799,151.74,151.91,151,151.38,913.26
1557388800,1557392399,151.39,152.84,151.17,152.13,2144.39
1557392400,1557395999,152.13,152.36,151.33,152.12,1382.32
1557396000,1557399599,152.13,152.39,151.86,152.05,520.6
1557399600,1557403199,152.13,152.13,151.09,151.3,432.94
1557403200,1557406799,151.3,151.3,149.38,149.82,1549.59
1557406800,1557410399,150.04,150.64,148.75,150,910.72
1557410400,1557413999,149.87,149.88,149.06,149.39,238.38
1557414000,1557417599,149.4,149.72,148.71,149.24,518.16
1557417600,1557421199,149.14,149.89,149,149.56,358.3
1557421200,1557424799,149.58,149.58,148.59,148.84,1002.89
1557424800,1557428399,148.75,148.77,147.15,148.57,1620.97
1557428400,1557431999,148.56,149.28,148.17,149.18,830.08
1557432000,1557435599,149.14,150,148.48,149.91,453.42
1557435600,1557439199,150,151.24,149.77,150.26,796.68
1557439200,1557442799,150.28,152,149.66,152,221.93
1557442800,1557446399,151.86,152.85,151.44,151.55,729.45
1557446400,1557449999,151.55,151.98,150.12,150.12,129.45
1557450000,1557453599,150.11,150.8,149.41,150.8,213.95
1557453600,1557457199,150.86,152.39,150.4,151.87,336.34
1557457200,1557460799,152.19,153.26,150.77,151.73,805.64
1557460800,1557464399,151.7,156.34,151.51,155.95,1743.39
1557464400,1557467999,156.04,156.04,154.61,155.38,515.1
1557468000,1557471599,155.6,155.74,154.65,155.57,1068.76
1557471600,1557475199,155.5,155.76,155,155.31,895.56
1557475200,1557478799,155.23,156.14,153.06,153.63,989.25
1557478800,1557482399,153.57,154.39,153.18,154.24,379.02
1557482400,1557485999,154.07,154.99,153.46,153.46,3209.63
1557486000,1557489599,153.43,153.9,153.11,153.42,579.41
1557489600,1557493199,153.47,153.47,152.55,152.76,704.38
1557493200,1557496799,152.78,153.2,152.21,152.69,502.17
1557496800,1557500399,152.69,153.1,152.1,152.27,596.32
1557500400,1557503999,152.46,153.7,152.26,153.7,481.66
1557504000,1557507599,153.63,154.84,153.04,154.02,1058.07
1557507600,1557511199,154.15,156.6,153.58,156.55,1343.48
1557511200,1557514799,156.54,157.2,155.22,155.22,1364.87
1557514800,1557518399,155.34,156.43,154.85,155.9,480.74
1557518400,1557521999,155.62,156.48,150.69,152.78,2149.22
1557522000,1557525599,152.98,153.48,151.69,153.47,498.28
1557525600,1557529199,153.41,154.37,153.03,154.26,494.24
1557529200,1557532799,154.37,154.37,152.94,153.32,304.88
1557532800,1557536399,153.32,155.37,153.32,155.24,226.92
1557536400,1557539999,155.08,155.93,154.8,155.9,338.21
1557540000,1557543599,155.9,157.81,154.36,156.69,1280.76
1557543600,1557547199,156.85,156.98,156.2,156.79,121.01
1557547200,1557550799,156.7,156.93,154.18,155.87,319.27
1557550800,1557554399,155.66,157.45,155.43,156.68,1677.03
1557554400,1557557999,156.68,159,156.56,158.07,2052.94
1557558000,1557561599,158,158.29,156.56,157.74,2090.02
1557561600,1557565199,157.81,164.7,157.58,163,7178.3
1557565200,1557568799,163.05,165,162.71,165,2628.81
1557568800,1557572399,165,172,164.99,170.39,7933.74
1557572400,1557575999,170.66,170.66,166.14,167.61,3729.21
1557576000,1557579599,167.61,168.21,165.74,167.53,2515.12
1557579600,1557583199,167.4,168.96,167,168.88,2007.08
1557583200,1557586799,168.88,168.88,167,168.5,1908.02
1557586800,1557590399,168.46,170.5,167.81,170.49,2040.55
1557590400,1557593999,170.35,170.35,167.82,168.89,1201.37
1557594000,1557597599,168.86,176,167.28,176,5073.09
1557597600,1557601199,175.99,176.25,172.96,174.12,3107.52
1557601200,1557604799,174.17,174.58,171.15,172.09,2252.4
1557604800,1557608399,172.39,175.56,172.38,175.11,1357.08
1557608400,1557611999,174.97,176.07,172.93,176.07,1356.33
1557612000,1557615599,176.01,177.74,173.03,177.01,3534.56
1557615600,1557619199,176.96,181,167.65,167.65,5963.08
1557619200,1557622799,167.65,172,162.34,166.86,6283.75
1557622800,1557626399,166.31,174.5,165.8,173.4,3424.39
1557626400,1557629999,173.44,175,171.68,171.68,674.52
1557630000,1557633599,171.51,173.28,170.84,172.59,182.51
1557633600,1557637199,172.64,174.16,172.46,172.75,413.26
1557637200,1557640799,172.76,176.21,172.7,176.09,620.52
1557640800,1557644399,176.1,177.49,174.48,176.38,1956.71
1557644400,1557647999,176.36,181,175.01,179.65,2613.87
1557648000,1557651599,179.18,180.49,168.09,174.98,7687.01
1557651600,1557655199,174.87,177.16,171.28,174.02,3642.42
1557655200,1557658799,174.01,174.14,169.01,170.4,2169.51
1557658800,1557662399,170.11,172.45,165.79,168.96,3075.6
1557662400,1557665999,168.63,169.91,167.26,169.91,1693.65
1557666000,1557669599,169.62,171.64,168.03,168.04,660.27
1557669600,1557673199,168.12,169.44,163.1,163.92,2662.8
1557673200,1557676799,163.73,165.95,160.26,161.57,5471.34
1557676800,1557680399,160.94,163.13,160.24,160.51,1708.63
1557680400,1557683999,161.13,164.13,160.42,163.11,2223.23
1557684000,1557687599,163.11,168.83,162.63,168.03,2101.72
1557687600,1557691199,168.03,168.48,165.8,167.13,966.39
1557691200,1557694799,167.27,169.99,166.9,169.95,851.6
1557694800,1557698399,169.64,170.36,168.26,170.08,865.04
1557698400,1557701999,170.09,170.19,165.46,166.48,992.49
1557702000,1557705599,166.47,167.32,164.87,167.19,657.52
1557705600,1557709199,167.23,169.3,165.33,168.66,148
1557709200,1557712799,169.12,169.5,168.18,168.18,63.51
1557712800,1557716399,168.19,168.82,167.63,168.22,67.43
1557716400,1557719999,167.95,168.08,167.03,167.84,202.71
1557720000,1557723599,168.19,170.38,167.83,170.38,494.08
1557723600,1557727199,170.39,170.84,168.74,168.86,699.06
1557727200,1557730799,168.87,169.63,168.24,168.92,1063.94
1557730800,1557734399,169.14,169.14,166.53,167.1,836.73
1557734400,1557737999,167.1,168.21,166.46,167.69,991.84
1557738000,1557741599,167.68,169.24,167.46,169.21,709.9
1557741600,1557745199,169.15,169.5,168.32,169.5,655.51
1557745200,1557748799,169.52,172.56,168.96,171.18,1818.36
1557748800,1557752399,171.05,172.84,170.8,172.62,2025.69
1557752400,1557755999,172.64,173,171.76,172.64,1175.48
1557756000,1557759599,172.68,176.99,171.61,174.8,3313.62
1557759600,1557763199,174.54,181.77,174.26,180.23,8538.4
1557763200,1557766799,179.82,186.13,179.82,181.43,7621.67
1557766800,1557770399,181.54,181.99,177.32,177.68,3333.02
1557770400,1557773999,177.72,179.86,177.58,179.4,1256.92
1557774000,1557777599,179.4,180.46,178.88,179.8,1108.43
1557777600,1557781199,180,180,177.88,178.9,1120.53
1557781200,1557784799,178.76,182.81,178.38,182.23,3063.06
1557784800,1557788399,182.7,183,173.93,175,3880.31
1557788400,1557791999,175.42,175.62,170.51,174.6,2625.98
1557792000,1557795599,175.06,176.99,173.74,175.69,954.58
1557795600,1557799199,175.5,179,175.25,178.17,449.28
1557799200,1557802799,178,183.2,176.94,181.66,943.26
1557802800,1557806399,181.35,187,181.35,186.59,2881.69
1557806400,1557809999,186,188.46,185.5,188,2009.92
1557810000,1557813599,188,189.72,184.44,186.14,3733.81
1557813600,1557817199,185.63,188.02,185.29,187.51,1712.82
1557817200,1557820799,187.59,191.7,187.01,191.69,5694.06
1557820800,1557824399,191.7,192.58,182.2,184.38,5530.41
1557824400,1557827999,184.02,187.16,183.71,185.43,2317.82
1557828000,1557831599,185.28,185.59,181.24,184.02,1995.88
1557831600,1557835199,184.02,185,183.11,184.04,970.52
1557835200,1557838799,184.42,187.99,184.14,186.8,1706.82
1557838800,1557842399,186.91,187.5,184.01,186.13,1743.06
1557842400,1557845999,186.42,188.49,182.32,185.02,3131.61
1557846000,1557849599,184.98,186.51,181.42,181.92,2946.94
1557849600,1557853199,181.95,186.14,178.56,185.85,3631.27
1557853200,1557856799,185.79,187.84,184.13,186.33,3302.86
1557856800,1557860399,186.2,186.56,183.06,183.49,1210.18
1557860400,1557863999,183.39,183.62,180.05,182.65,2775.31
1557864000,1557867599,182.58,184.47,181.26,182.31,1554.85
1557867600,1557871199,182.55,187,181.16,186.09,1521.37
1557871200,1557874799,185.97,193.36,185.87,193.36,2524.78
1557874800,1557878399,193.46,197.23,192.03,193.88,3071.63
1557878400,1557881999,194.33,198.6,193.07,196.52,3165.39
1557882000,1557885599,196.71,199.47,196.33,197.48,924.71
1557885600,1557889199,197.41,200,195.6,199.49,768.68
1557889200,1557892799,199.11,205.37,198.18,204.37,2545.38
1557892800,1557896399,205.07,205.07,201.15,201.17,1118.31
1557896400,1557899999,201.4,205.13,200.45,204.23,1923.01
1557900000,1557903599,204.2,209.99,204.12,206.5,6106.98
1557903600,1557907199,206.31,207.46,201.5,202.99,5078.4
1557907200,1557910799,202.9,206.54,201.2,203.8,2930.62
1557910800,1557914399,203.51,210.79,203.51,209.29,4328.57
1557914400,1557917999,209.39,212.47,208.1,208.84,3684.92
1557918000,1557921599,208.84,210.5,206.79,207.8,2334.66
1557921600,1557925199,207.8,208.69,204.6,206.82,2892.13
1557925200,1557928799,207.37,210,204.25,208.12,2888.05
1557928800,1557932399,208.11,209,206,206.72,1602.07
1557932400,1557935999,206.51,214.19,206.5,213.8,4278.57
1557936000,1557939599,213.6,217.75,211.96,214.54,7713.89
1557939600,1557943199,214.82,219.36,213.85,216.79,3987.46
1557943200,1557946799,216.79,217.91,213.83,215.05,3195.24
1557946800,1557950399,215.06,216.93,213.74,216.81,2430.84
1557950400,1557953999,216.81,217.99,211.91,213.72,3644.95
1557954000,1557957599,214,217.47,210.91,216.15,3367.07
1557957600,1557961199,215.95,220.71,215.14,220.38,2212.74
1557961200,1557964799,220.37,223.97,220.13,222,3118.93
1557964800,1557968399,221.84,238,221.21,235.95,8535.47
1557968400,1557971999,236.31,240,233.9,237.01,2711.89
1557972000,1557975599,237.71,244,236.16,242.79,3417.47
1557975600,1557979199,243.19,243.52,238.76,240.09,1445.29
1557979200,1557982799,240.1,240.68,224.22,231.76,5922.63
1557982800,1557986399,232.19,234.7,229.41,230.88,3701.83
1557986400,1557989999,231.12,242.47,230,239.28,4422.64
1557990000,1557993599,239.1,240.27,233.16,233.66,3428.31
1557993600,1557997199,233.29,236.97,232.08,232.19,3057.16
1557997200,1558000799,232.07,237.25,227,228.34,3266.73
1558000800,1558004399,229.54,231.12,217.42,221.36,9241.64
1558004400,1558007999,221.01,227.78,220.22,223.69,3776.1
1558008000,1558011599,223.62,226.45,216.01,219.47,4533.4
1558011600,1558015199,219.64,225.49,219.38,224.9,3794.31
1558015200,1558018799,224.9,236.2,224.65,234.46,5220.8
1558018800,1558022399,234.35,249.8,234.1,248.28,12318.69
1558022400,1558025999,248.68,249.22,234.36,238.14,7683.37
1558026000,1558029599,238.46,239.5,229.59,235.45,4631.37
1558029600,1558033199,235.07,241.08,231.45,235.68,4027.52
1558033200,1558036799,235.92,236.41,229.02,232.31,2843.75
1558036800,1558040399,233.09,235.37,227.19,229.07,3403.48
1558040400,1558043999,227.93,242.49,227.11,238.99,4931.5
1558044000,1558047599,238.64,244.06,231.0,231.0,3023.17613427
1558047600,1558051199,231.79,237.88,231.51,237.3,1730.51056112
1558051200,1558054799,236.81,240.9,233.89,234.56,926.33659876
1558054800,1558058399,234.4,235.0,225.74,227.86,2905.72515527
1558058400,1558061999,228.39,230.23,217.54,218.41,4239.76978882
1558062000,1558065599,218.41,218.85,201.6,213.75,10475.41531025
1558065600,1558069199,213.79,220.42,213.0,215.6,2275.34872256
1558069200,1558072799,215.22,218.48,210.1,211.55,4622.76586334
1558072800,1558076399,211.64,215.0,208.0,210.8,5085.7021231
1558076400,1558079999,210.77,217.12,210.0,214.73,4402.15472615
1558080000,1558083599,214.26,215.54,211.35,213.5,1982.74288347
1558083600,1558087199,214.02,215.0,211.37,214.33,1082.03115144
1558087200,1558090799,214.05,214.38,207.0,209.69,3010.82616489
1558090800,1558094399,210.12,210.12,201.2,205.0,7681.31521624
1558094400,1558097999,205.32,210.0,199.0,209.95,6264.52214454
1558098000,1558101599,209.99,214.5,207.93,214.21,3493.81849125
1558101600,1558105199,214.3,216.3,210.0,210.36,2385.95825325
1558105200,1558108799,210.51,211.37,204.52,205.71,3000.81685162
1558108800,1558112399,205.37,212.81,201.0,206.6,3697.15744142
1558112400,1558115999,206.11,208.09,203.0,205.55,1986.86753454
1558116000,1558119599,205.3,208.19,203.41,206.87,1081.54233803
1558119600,1558123199,207.08,208.9,204.07,208.27,1869.45695968
1558123200,1558126799,208.0,209.74,206.02,209.0,1346.13574114
1558126800,1558130399,209.0,214.97,208.99,214.37,2347.86016516
1558130400,1558133999,214.52,216.0,212.16,213.05,1227.61384618
1558134000,1558137599,213.0,220.0,212.45,219.91,1466.69593607
1558137600,1558141199,219.91,223.0,214.32,215.69,1997.74586072
1558141200,1558144799,215.73,218.7,214.0,214.67,412.13463417
1558144800,1558148399,214.76,217.47,214.27,215.51,334.37835149
1558148400,1558151999,215.51,220.0,215.51,220.0,683.09819344
1558152000,1558155599,220.0,221.0,216.44,218.88,773.33672048
1558155600,1558159199,218.6,220.5,217.84,218.99,933.8780655
1558159200,1558162799,218.99,219.0,216.27,216.35,707.74134949
1558162800,1558166399,216.3,216.89,211.22,212.5,1318.04211162
1558166400,1558169999,212.55,217.39,212.04,212.72,2184.62932234
1558170000,1558173599,212.83,213.12,208.31,212.55,1116.48782411
1558173600,1558177199,212.73,213.94,209.82,211.92,733.54152849
1558177200,1558180799,211.74,215.0,210.78,211.67,676.64390237
1558180800,1558184399,211.7,213.0,210.0,211.97,478.18812296
1558184400,1558187999,212.15,213.94,210.51,212.93,681.86251188
1558188000,1558191599,213.21,215.5,212.97,215.07,526.28629412
1558191600,1558195199,215.11,217.24,214.02,215.5,1020.9090545
1558195200,1558198799,215.5,216.91,214.04,215.72,1660.67627938
1558198800,1558202399,215.6,215.6,212.34,212.37,501.51011329
1558202400,1558205999,212.47,212.62,211.24,212.22,597.28660224
1558206000,1558209599,212.0,214.5,211.81,212.26,374.95592165
1558209600,1558213199,212.53,212.99,211.48,212.79,237.76957417
1558213200,1558216799,212.7,215.26,209.16,214.94,2519.46179262
1558216800,1558220399,214.62,214.74,211.83,212.72,381.52138696
1558220400,1558223999,212.75,212.75,209.1,209.1,470.46195716
1558224000,1558227599,209.08,211.81,209.08,211.81,159.98985409
1558227600,1558231199,211.96,219.72,211.79,218.81,1881.36700637
1558231200,1558234799,218.98,224.25,218.97,219.87,2148.12902106
1558234800,1558238399,219.73,228.65,219.09,227.44,2581.33924856
1558238400,1558241999,227.43,228.98,224.73,227.73,1025.97267249
1558242000,1558245599,227.57,228.27,225.77,226.63,1239.75763383
1558245600,1558249199,226.65,228.2,226.0,226.0,1299.1448064
1558249200,1558252799,226.34,233.05,225.71,230.91,2333.95490459
1558252800,1558256399,231.28,231.28,228.04,229.99,1872.84365611
1558256400,1558259999,229.99,232.95,229.1,232.31,1809.13115672
1558260000,1558263599,232.65,234.3,230.11,232.0,3676.90907935
1558263600,1558267199,231.91,232.44,228.0,228.16,2025.67899806
1558267200,1558270799,228.53,229.46,224.0,228.54,2659.12854622
1558270800,1558274399,228.69,229.84,226.07,227.67,761.38442496
1558274400,1558277999,227.82,230.78,227.43,230.09,549.22875511
1558278000,1558281599,230.33,230.33,228.14,229.81,316.81822059
1558281600,1558285199,229.8,229.99,227.5,228.09,553.5671747
1558285200,1558288799,227.79,231.29,227.77,230.48,1091.78328189
1558288800,1558292399,230.39,230.57,229.38,229.45,442.09090614
1558292400,1558295999,229.6,231.46,228.15,228.57,826.75356931
1558296000,1558299599,228.58,230.5,227.0,230.5,854.76867357
1558299600,1558303199,230.24,234.09,230.2,233.15,1869.41795522
1558303200,1558306799,233.16,235.94,230.3,235.75,1571.28283895
1558306800,1558310399,235.89,237.0,233.32,234.07,1321.16079995
1558310400,1558313999,233.87,233.9,220.02,224.9,5112.07494602
1558314000,1558317599,224.7,225.32,221.5,224.68,730.91689749
1558317600,1558321199,224.57,224.57,221.62,222.66,273.04188374
1558321200,1558324799,222.76,229.07,222.76,229.07,397.77770831
1558324800,1558328399,228.98,229.75,226.44,226.63,458.15427034
1558328400,1558331999,226.74,227.15,225.25,226.99,492.21870578
1558332000,1558335599,226.96,227.21,223.13,223.21,757.19844137
1558335600,1558339199,223.24,226.43,222.41,224.0,1647.18362281
1558339200,1558342799,224.11,224.2,221.01,224.0,1495.75170556
1558342800,1558346399,223.76,225.8,222.45,225.04,1155.72672137
1558346400,1558349999,225.08,226.99,224.26,225.1,1016.82522231
1558350000,1558353599,224.85,225.48,222.56,222.61,588.98162071
1558353600,1558357199,222.6,224.15,216.87,218.19,2729.52146827
1558357200,1558360799,218.3,220.32,213.55,220.31,3703.02260678
1558360800,1558364399,220.13,223.9,218.54,222.07,3553.85915135
1558364400,1558367999,222.0,222.78,220.42,222.66,855.60151261
1558368000,1558371599,222.56,224.29,221.4,221.6,1078.80248846
1558371600,1558375199,221.54,223.03,219.49,219.94,465.64634005
1558375200,1558378799,219.49,221.56,218.99,220.5,718.24332304
1558378800,1558382399,220.5,223.23,220.5,222.41,2501.16451371
1558382400,1558385999,222.98,228.76,222.55,228.65,3094.53171008
1558386000,1558389599,228.1,231.24,226.21,227.39,1960.91792192
1558389600,1558393199,227.07,228.81,223.52,224.02,1219.03277023
1558393200,1558396799,223.75,226.94,223.68,225.58,364.18032305
1558396800,1558400399,226.01,230.23,226.01,227.0,269.06839611
1558400400,1558403999,227.18,228.0,225.88,226.35,165.49236984
1558404000,1558407599,225.86,226.0,223.83,225.47,374.65724264
1558407600,1558411199,226.0,226.77,225.01,225.36,295.5310855
1558411200,1558414799,225.37,225.43,223.09,223.48,250.68095077
1558414800,1558418399,223.84,225.03,222.1,224.5,479.92467207
1558418400,1558421999,224.73,226.31,224.51,226.23,259.2952509
1558422000,1558425599,226.3,227.72,225.6,226.24,819.07701437
1558425600,1558429199,226.05,227.77,225.73,227.22,702.69802515
1558429200,1558432799,227.18,229.97,227.06,228.51,1422.51042837
1558432800,1558436399,228.5,228.82,225.51,226.28,648.80722004
1558436400,1558439999,226.36,227.5,223.42,225.44,758.74865771
1558440000,1558443599,225.31,226.64,223.35,226.15,741.81441377
1558443600,1558447199,225.83,231.52,225.43,226.32,1682.39647185
1558447200,1558450799,226.51,226.8,224.69,226.4,940.97446434
1558450800,1558454399,226.16,227.01,225.38,225.88,706.62976789
1558454400,1558457999,225.8,227.32,225.01,226.61,604.75712681
1558458000,1558461599,226.75,230.11,226.75,229.88,1432.36718264
1558461600,1558465199,229.74,231.41,229.25,231.4,1568.95587232
1558465200,1558468799,231.07,231.35,228.84,230.66,1250.57958705
1558468800,1558472399,230.66,236.16,230.48,235.96,2560.09815056
1558472400,1558475999,235.69,237.0,231.8,232.54,4079.42884548
1558476000,1558479599,232.54,232.68,226.14,230.64,1364.20798378
1558479600,1558483199,230.48,231.66,228.39,228.39,552.49497761
1558483200,1558486799,228.43,232.5,228.43,232.5,393.89957013
1558486800,1558490399,232.83,234.49,229.53,229.53,283.2269246
1558490400,1558493999,229.9,231.11,229.1,230.49,34.48358863
1558494000,1558497599,230.68,231.22,229.95,229.95,151.02862079
1558497600,1558501199,230.02,232.3,227.86,231.68,384.36119882
1558501200,1558504799,231.76,232.95,230.69,232.87,588.65982266
1558504800,1558508399,232.67,234.79,231.53,231.94,1440.55002298
1558508400,1558511999,231.96,232.06,230.36,230.72,629.42511681
1558512000,1558515599,230.72,232.24,230.25,230.85,819.73188785
1558515600,1558519199,230.88,231.78,228.47,228.8,1021.53924244
1558519200,1558522799,228.5,229.78,227.22,228.29,1577.86807502
1558522800,1558526399,227.94,228.13,225.0,226.72,2256.95567906
1558526400,1558529999,226.97,227.94,225.0,225.33,898.43560388
1558530000,1558533599,225.3,227.47,225.0,226.91,488.73808448
1558533600,1558537199,227.2,228.34,226.38,227.86,659.80488883
1558537200,1558540799,227.55,231.6,227.07,230.5,1157.11741778
1558540800,1558544399,230.71,230.94,227.41,227.59,886.81576617
1558544400,1558547999,227.34,228.57,224.6,226.44,1067.05988019
1558548000,1558551599,226.44,228.03,226.0,228.01,463.58051806
1558551600,1558555199,228.0,228.16,227.0,228.14,693.30026561
1558555200,1558558799,228.17,228.81,217.55,222.43,4524.9528699
1558558800,1558562399,222.43,223.29,216.98,218.64,3127.27181223
1558562400,1558565999,218.49,221.3,215.92,221.25,2681.99804335
1558566000,1558569599,220.91,221.41,218.3,218.46,763.60765386
1558569600,1558573199,218.95,219.7,216.25,218.73,769.08947957
1558573200,1558576799,219.29,219.63,218.08,219.0,156.37079496
1558576800,1558580399,218.8,220.33,218.37,219.8,77.83306233
1558580400,1558583999,219.71,219.71,217.74,219.0,111.73426874
1558584000,1558587599,219.0,219.09,217.81,218.54,242.67475613
1558587600,1558591199,218.54,218.63,213.6,214.82,1724.16103777
1558591200,1558594799,214.82,215.04,210.5,215.02,3194.8731516
1558594800,1558598399,214.75,215.04,210.87,211.22,1334.45490556
1558598400,1558601999,211.22,211.52,209.18,210.9,3120.54059324
1558602000,1558605599,210.9,212.0,208.0,212.0,2370.52491334
1558605600,1558609199,212.0,214.95,211.53,214.88,2699.67401752
1558609200,1558612799,214.88,214.93,212.72,212.72,591.03015495
1558612800,1558616399,212.64,214.55,211.65,214.55,577.8728312
1558616400,1558619999,214.54,217.8,214.02,216.72,1468.1580205
1558620000,1558623599,216.52,218.99,216.5,218.0,1420.80171557
1558623600,1558627199,218.19,219.81,217.46,218.12,980.6902592
1558627200,1558630799,218.18,219.62,217.89,218.58,759.20043627
1558630800,1558634399,218.59,219.18,215.09,216.28,1591.34794687
1558634400,1558637999,216.3,216.3,214.19,215.78,552.12437646
1558638000,1558641599,215.42,216.7,214.22,216.64,604.89487459
1558641600,1558645199,216.69,219.06,216.69,219.0,1028.87252884
1558645200,1558648799,219.17,221.32,217.76,220.45,1000.36407891
1558648800,1558652399,220.18,222.65,219.89,220.41,536.49750163
1558652400,1558655999,220.71,221.63,218.7,220.05,225.34021005
1558656000,1558659599,220.02,220.54,218.46,219.92,416.82062587
1558659600,1558663199,220.19,221.0,219.42,219.42,77.87171338
1558663200,1558666799,219.45,219.45,218.01,218.62,244.02553929
1558666800,1558670399,218.12,219.74,218.02,219.71,139.27622296
1558670400,1558673999,219.93,220.43,218.24,218.29,361.61590598
1558674000,1558677599,218.31,218.62,217.01,217.94,179.89808838
1558677600,1558681199,218.02,221.13,217.64,220.99,671.25433639
1558681200,1558684799,221.22,223.26,220.87,221.72,1161.15726587
1558684800,1558688399,221.8,226.0,221.64,224.5,3410.18851298
1558688400,1558691999,224.5,225.27,223.67,224.33,1109.40699855
1558692000,1558695599,224.13,226.0,224.04,225.09,752.50465583
1558695600,1558699199,224.89,227.33,224.66,225.98,1213.19620655
1558699200,1558702799,225.98,226.3,224.22,225.99,1102.00412812
1558702800,1558706399,226.0,226.36,224.01,224.08,1044.64597052
1558706400,1558709999,224.13,226.38,224.1,226.38,682.82476896
1558710000,1558713599,226.38,227.91,225.54,226.45,1122.39359802
1558713600,1558717199,226.49,228.0,226.0,226.22,954.32022226
1558717200,1558720799,226.15,226.64,224.91,225.28,733.62397887
1558720800,1558724399,225.2,225.85,224.61,225.09,358.46229907
1558724400,1558727999,225.08,225.48,221.59,225.38,1908.03947991
1558728000,1558731599,225.43,226.56,224.77,226.55,321.43023713
1558731600,1558735199,226.55,226.92,223.46,223.8,319.11466579
1558735200,1558738799,223.8,224.99,223.17,223.45,327.46202243
1558738800,1558742399,223.45,223.46,220.21,222.44,1014.96953657
1558742400,1558745999,222.89,223.17,221.65,222.01,82.16556297
1558746000,1558749599,222.01,224.81,222.01,224.81,53.40901825
1558749600,1558753199,224.62,225.05,223.83,225.04,116.55383015
1558753200,1558756799,225.03,225.98,224.48,224.51,51.0009305
1558756800,1558760399,224.99,225.94,224.34,224.56,45.80528464
1558760400,1558763999,224.44,224.6,223.12,223.52,195.63624224
1558764000,1558767599,223.56,224.6,222.97,223.44,260.8536993
1558767600,1558771199,223.25,224.14,222.84,223.56,151.16392082
1558771200,1558774799,223.53,224.84,223.41,224.79,235.67533194
1558774800,1558778399,224.79,229.35,224.79,229.35,1202.1564115
1558778400,1558781999,229.35,230,228.46,229.05,1178.18657783
1558782000,1558785599,228.74,230,226.95,227.48,741.85063431
1558785600,1558789199,227.5,229.01,226.97,228.49,384.59729139
1558789200,1558792799,228.49,228.96,223.77,224.0,1030.00013226
1558792800,1558796399,224.0,225.78,223.51,225.49,330.30247006
1558796400,1558799999,225.71,226.24,224.66,225.5,405.25219287
1558800000,1558803599,225.31,225.98,223.88,224.09,383.82052813
1558803600,1558807199,224.53,224.91,223.88,224.89,484.74002312
1558807200,1558810799,224.82,226.31,223.99,224.16,383.00128641
1558810800,1558814399,224.04,224.44,223.59,223.67,247.40621772
1558814400,1558817999,223.66,224.7,223.55,223.71,295.76072066
1558818000,1558821599,223.57,225.45,223.52,224.7,194.11325442
1558821600,1558825199,224.7,226.17,224.69,225.51,388.71854748
1558825200,1558828799,225.51,225.83,224.07,224.69,246.80340581
1558828800,1558832399,224.66,225.34,224.38,225.01,86.73608734
1558832400,1558835999,225.0,225.01,224.26,224.68,67.76447183
1558836000,1558839599,225.06,225.1,223.5,223.67,103.95857454
1558839600,1558843199,223.85,224.36,221.64,222.34,286.51994564
1558843200,1558846799,221.86,223.29,221.69,222.84,102.91610203
1558846800,1558850399,222.67,222.73,221.01,221.43,209.33223551
1558850400,1558853999,221.27,222.15,220.5,221.62,408.70110459
1558854000,1558857599,221.62,224.15,221.01,223.84,395.31454563
1558857600,1558861199,223.84,223.84,222.32,223.49,345.83667489
1558861200,1558864799,223.48,224.12,223.38,223.41,247.59287315
1558864800,1558868399,223.4,223.4,221.64,222.3,437.47568595
1558868400,1558871999,222.08,222.51,220.2,220.87,680.45626203
1558872000,1558875599,220.93,222.46,220.21,222.27,142.96385321
1558875600,1558879199,222.44,223.31,221.54,223.0,531.90623336
1558879200,1558882799,223.03,224.0,222.77,223.78,185.52489943
1558882800,1558886399,223.77,224.09,222.56,223.28,210.61353254
1558886400,1558889999,223.07,223.69,222.41,223.2,351.70054589
1558890000,1558893599,222.91,224.15,222.47,223.41,283.39212781
1558893600,1558897199,223.23,224.83,223.23,224.63,294.23945555
1558897200,1558900799,224.68,236.13,224.55,234.0,5747.32699887
1558900800,1558904399,234.0,239.51,232.56,236.22,6518.19716644
1558904400,1558907999,236.31,241.4,234.05,240.07,4298.27848082
1558908000,1558911599,240.16,241.0,236.2,236.6,2282.45439007
1558911600,1558915199,236.68,240.52,236.54,238.88,831.86416095
1558915200,1558918799,239.54,241.5,238.67,240.99,640.52325182
1558918800,1558922399,241.0,242.06,238.61,239.79,943.26447051
1558922400,1558925999,239.84,239.9,236.31,238.68,443.69413526
1558926000,1558929599,238.76,240.36,238.76,239.36,86.33127169
1558929600,1558933199,239.35,239.77,237,237.03,349.432134
1558933200,1558936799,237.42,239.17,237,238.33,599.3813467
1558936800,1558940399,238.7,240.0,237.96,240,597.17070178
1558940400,1558943999,240.0,241.65,239.44,240,1369.96063013
1558944000,1558947599,240.01,240.01,238.52,239.25,1249.56161375
1558947600,1558951199,239.25,240.0,238.86,239.98,780.92718011
1558951200,1558954799,239.63,239.95,238.71,239.13,1234.15941633
1558954800,1558958399,239.13,239.36,236.58,237.9,1784.61892131
1558958400,1558961999,238.72,242.0,238.69,242.0,1587.95352971
1558962000,1558965599,241.93,244.86,241.05,241.24,2613.66881651
1558965600,1558969199,241.25,242.41,240.0,241.2,1226.6712579
1558969200,1558972799,241.2,244.87,241.01,241.85,1843.63688725
1558972800,1558976399,241.8,249.37,238.0,239.1,6633.82502512
1558976400,1558979999,239.1,240.9,236.05,238.05,5019.04828938
1558980000,1558983599,237.58,241.58,236.52,240.58,1039.19161337
1558983600,1558987199,240.44,241.6,239.9,240.6,841.47759594
1558987200,1558990799,240.7,241.25,238.06,238.61,1570.18375657
1558990800,1558994399,238.61,240.81,238.26,240.53,608.91359356
1558994400,1558997999,240.75,240.75,238.43,240.41,611.41243143
1558998000,1559001599,240.55,245.68,240.46,242.72,1124.64900454
1559001600,1559005199,242.72,243.98,241.41,242,508.52658074
1559005200,1559008799,241.72,243.71,241.0,243,159.57026714
1559008800,1559012399,243.0,245.73,242.99,244.03,492.60416509
1559012400,1559015999,244.04,244.04,241.95,242.76,185.45208804
1559016000,1559019599,242.9,243.96,242.29,242.41,287.73002059
1559019600,1559023199,242.49,242.77,240.03,240.75,679.67063088
1559023200,1559026799,240.75,241.0,239.39,240.01,908.83108451
1559026800,1559030399,240.31,242.99,239.45,241.83,1374.51142768
1559030400,1559033999,242.1,242.16,240.1,241.98,740.69010114
1559034000,1559037599,242.0,242.5,241.15,241.77,1005.0256574
1559037600,1559041199,241.78,241.8,240.3,240.81,803.73852266
1559041200,1559044799,240.99,242.49,240.3,242.27,830.64357863
1559044800,1559048399,242.05,243.14,241,241.43,996.10845287
1559048400,1559051999,241.06,241.95,237,239.56,1565.69401662
1559052000,1559055599,239.59,241.65,239.14,241.45,587.17700532
1559055600,1559059199,241.37,243.38,240.28,243.12,957.43154882
1559059200,1559062799,243.0,243.24,240.77,241.9,626.52059413
1559062800,1559066399,241.91,247.92,241.74,244.99,3845.78632224
1559066400,1559069999,244.94,245.76,243.53,244.59,940.72860498
1559070000,1559073599,244.59,245.85,241.96,242.69,1631.5016846
1559073600,1559077199,242.7,244.43,242.6,244.15,515.29157119
1559077200,1559080799,244.44,245.46,243.8,244.95,409.73706681
1559080800,1559084399,244.95,245.7,243.49,244.02,521.92640617
1559084400,1559087999,244.0,244.0,242.4,243.5,488.65763305
1559088000,1559091599,243.42,243.46,240.55,241.73,388.13687774
1559091600,1559095199,241.52,242.71,241.0,241.0,106.14310911
1559095200,1559098799,241.0,241.19,239.52,240.46,450.70134352
1559098800,1559102399,240.31,241.49,240.04,240.56,171.91375741
1559102400,1559105999,240.96,240.97,239.0,240.04,964.69228079
1559106000,1559109599,240.06,240.55,233.01,234.81,3536.95027921
1559109600,1559113199,234.8,237.72,234.32,236.97,1658.36924616
1559113200,1559116799,236.35,238.64,236.2,238.29,710.34502432
1559116800,1559120399,238.22,240.45,237.17,239.79,1588.44759948
1559120400,1559123999,239.79,240.42,238.19,239.69,1851.86368836
1559124000,1559127599,240.18,242.99,239.6,241.95,1616.33449579
1559127600,1559131199,241.9,242.45,240.25,240.5,650.73282378
1559131200,1559134799,240.5,242.32,240.26,242.32,539.88821517
1559134800,1559138399,242.31,246.58,241.52,245.22,1534.51369539
1559138400,1559141999,245.21,246,243.91,244.27,1423.21938898
1559142000,1559145599,244.61,246,243.77,244.61,610.38649828
1559145600,1559149199,244.39,246.43,242.62,245.61,869.06892469
1559149200,1559152799,245.7,246.36,244.06,244.68,1038.6749142
1559152800,1559156399,244.99,245.13,243.01,243.81,274.23646228
1559156400,1559159999,243.58,244.99,243.58,244.73,254.59497586
1559160000,1559163599,244.55,245.3,242.18,242.27,601.79476277
1559163600,1559167199,242.3,243.31,241.9,243.06,520.20421585
1559167200,1559170799,242.92,244.57,242.92,243.34,488.1288976
1559170800,1559174399,243.18,244.25,241.26,242.12,218.99475069
1559174400,1559177999,242.12,244.5,240.86,244.5,196.10535201
1559178000,1559181599,244.71,246.0,241.66,243.41,354.35157384
1559181600,1559185199,243.16,244.52,241.84,243.65,131.90806005
1559185200,1559188799,243.78,256.96,243.78,253.95,3161.68017282
1559188800,1559192399,254.05,258.62,254.04,255.38,1087.48937529
1559192400,1559195999,255.38,257.85,252.7,254.09,1329.6889544
1559196000,1559199599,254.09,255.46,253.76,254.64,663.13377236
1559199600,1559203199,254.41,256.61,254.4,254.63,793.53031529
1559203200,1559206799,254.8,255.92,252.1,253.9,1089.47579281
1559206800,1559210399,253.9,255.06,253.55,254.77,1418.93192737
1559210400,1559213999,254.8,257.0,254.52,255.27,1621.14156941
1559214000,1559217599,255.28,256.41,255.03,255.27,1161.48845294
1559217600,1559221199,255.1,255.65,253.79,255.28,1280.8848671
1559221200,1559224799,255.0,256.99,255.0,255.21,805.05630401
1559224800,1559228399,255.16,256.65,254.69,256.11,509.59842986
1559228400,1559231999,256.12,259.33,255.97,258.25,2106.02497563
1559232000,1559235599,258.25,260.02,245.7,246.54,6030.8670251
1559235600,1559239199,246.52,246.52,238.36,242.78,6759.4841811
1559239200,1559242799,242.28,244.2,241.3,244.2,1093.75444803
1559242800,1559246399,244.17,244.68,241.79,242.16,1058.26588308
1559246400,1559249999,242.28,242.28,235.08,236.96,3531.90782625
1559250000,1559253599,237.3,238.95,214.02,224.13,12489.73354646
1559253600,1559257199,224.03,230.18,223.0,227.26,4769.6355007
1559257200,1559260799,227.13,230.51,226.63,229.63,699.03599949
1559260800,1559264399,229.71,232.0,228.54,229.87,1050.6228688
1559264400,1559267999,230.1,232.49,229.94,230.97,364.92269908
1559268000,1559271599,230.9,230.9,228.34,228.34,459.68248141
1559271600,1559275199,228.33,228.58,226.29,228.29,614.15875189
1559275200,1559278799,227.9,228.16,221.6,222.96,1449.76415753
1559278800,1559282399,222.5,228.0,221.0,227.99,1375.86185931
1559282400,1559285999,227.97,230.53,227.97,229.54,1739.67101243
1559286000,1559289599,229.54,229.87,226.68,229.73,1040.01398242
1559289600,1559293199,229.41,230.44,228.11,228.87,1536.12866055
1559293200,1559296799,228.36,229.56,226.61,228.99,1410.35229404
1559296800,1559300399,228.99,231.44,228.8,230.13,912.96745176
1559300400,1559303999,230.02,230.16,228.51,229.67,714.28884469
1559304000,1559307599,229.82,232.61,228.92,232.59,948.15806333
1559307600,1559311199,232.59,236.1,232.59,235.44,2776.82258424
1559311200,1559314799,235.3,236.5,232.57,234.81,1150.95386783
1559314800,1559318399,234.96,235.9,230.82,231.41,1290.18644393
1559318400,1559321999,231.89,235.37,228.65,233.4,1017.15085279
1559322000,1559325599,233.26,234.72,232.83,233.45,425.96172029
1559325600,1559329199,233.22,237.0,233.21,234.38,473.78925162
1559329200,1559332799,234.67,236.07,234.26,234.75,477.59745023
1559332800,1559336399,234.82,236.01,233.49,235.14,722.06024372
1559336400,1559339999,235.14,236.77,235.14,236.48,729.83029003
1559340000,1559343599,236.47,236.48,234.36,236.15,535.11144307
1559343600,1559347199,236.16,241.22,236.16,240.01,1190.87879566
1559347200,1559350799,240.37,246,238.22,245.99,1232.15206067
1559350800,1559354399,246.0,246,242.43,244.09,245.6210307
1559354400,1559357999,243.69,243.69,241.51,242.66,261.85326488
1559358000,1559361599,242.66,243.9,241.68,241.68,95.55335559
1559361600,1559365199,241.56,243.06,240.08,242.6,250.22581832
1559365200,1559368799,242.59,242.59,238.99,239.02,427.625882
1559368800,1559372399,239.02,241.71,238.26,241.01,330.72118138
1559372400,1559375999,241.02,242.6,240.3,242.33,382.11654962
1559376000,1559379599,242.33,243.0,240.73,242.64,533.62693114
1559379600,1559383199,242.65,243.9,242.56,242.58,389.84258107
1559383200,1559386799,242.58,243.07,241.38,241.44,356.38324117
1559386800,1559390399,241.49,243.08,240.48,241.65,445.39336251
1559390400,1559393999,242.13,242.28,240.56,240.93,204.07758445
1559394000,1559397599,240.93,240.93,238.5,238.63,516.55325508
1559397600,1559401199,238.66,239.54,234.9,236.78,563.96989232
1559401200,1559404799,236.46,238.25,236.06,238.25,846.41063499
1559404800,1559408399,238.18,239.98,238.18,239.02,230.31079861
1559408400,1559411999,239.01,239.04,236.58,237.13,287.40883658
1559412000,1559415599,237.12,237.2,235.71,235.94,259.1044816
1559415600,1559419199,235.74,237.89,234.08,236.49,464.57616015
1559419200,1559422799,236.43,238.8,236.43,237.87,240.35635327
1559422800,1559426399,237.85,241.25,237.84,240.25,373.66078281
1559426400,1559429999,240.25,240.53,236.5,239.99,347.02345318
1559430000,1559433599,240.0,240.0,236.03,237.24,370.53610867
1559433600,1559437199,237.19,240.65,236.9,239.59,104.60890144
1559437200,1559440799,239.54,240.93,238.92,239.68,78.49852954
1559440800,1559444399,239.73,240.41,238.0,238.0,60.3497754
1559444400,1559447999,238.0,238.89,236.82,238.26,64.78206082
1559448000,1559451599,238.38,239.65,237.94,239.65,17.41649674
1559451600,1559455199,239.65,240.81,238.61,240.81,120.26123827
1559455200,1559458799,240.77,241.16,239.47,240.51,132.712992
1559458800,1559462399,240.57,243.99,240.57,243.2,712.51850044
1559462400,1559465999,243.46,244.72,242.72,243.79,516.30345167
1559466000,1559469599,243.9,244.34,242.38,243.26,382.29427496
1559469600,1559473199,243.2,243.4,241.95,242.68,322.33084023
1559473200,1559476799,242.62,243.5,241.78,242.55,314.49751283
1559476800,1559480399,242.8,244.93,242.48,244.0,516.8407767
1559480400,1559483999,243.75,243.86,238.37,240.75,996.56224445
1559484000,1559487599,240.72,241.9,240.31,240.97,266.66411002
1559487600,1559491199,240.77,242.91,240.61,241.05,1010.41105732
1559491200,1559494799,241.04,241.47,239.26,240.53,916.47156769
1559494800,1559498399,240.57,241.5,239.76,239.76,429.79197412
1559498400,1559501999,239.92,240.11,239.22,240.11,532.01252902
1559502000,1559505599,239.94,240.0,238.75,239.5,285.68878706
1559505600,1559509199,239.5,241.54,239.49,240.56,337.09495773
1559509200,1559512799,240.55,240.98,239.26,240.3,725.51859994
1559512800,1559516399,240.38,241.86,239.08,241.39,202.43996109
1559516400,1559519999,241.06,242.63,241.06,241.6,98.25577641
1559520000,1559523599,241.7,241.7,238.56,238.59,135.29000592
1559523600,1559527199,238.59,240.0,236.91,239.64,689.95386641
1559527200,1559530799,239.72,241.35,238.81,240.32,18.7001509
1559530800,1559534399,240.8,241.74,240.13,240.68,77.34127312
1559534400,1559537999,240.98,241.21,240.01,240.98,24.46140353
1559538000,1559541599,240.72,241.13,238.2,238.73,190.34547918
1559541600,1559545199,238.82,239.55,235.01,236.4,971.79115415
1559545200,1559548799,236.41,236.49,230.29,234.62,1759.75591464
1559548800,1559552399,234.31,235.71,233.9,233.9,622.43167047
1559552400,1559555999,233.76,235.08,232.57,234.62,832.21674967
1559556000,1559559599,234.52,236.64,234.23,236.37,704.19068797
1559559600,1559563199,236.43,236.43,234.9,235.39,425.46849123
1559563200,1559566799,235.14,236.14,234.25,235.57,633.39985861
1559566800,1559570399,235.22,235.58,233.2,233.2,458.56647695
1559570400,1559573999,233.03,234.08,228.5,230.6,1310.04815128
1559574000,1559577599,231.0,232.52,229.18,231.59,1296.75908625
1559577600,1559581199,231.35,233.87,230.65,233.5,772.20513691
1559581200,1559584799,233.49,233.5,230.99,231.22,522.9987293
1559584800,1559588399,231.0,233.06,231,232.77,417.23368603
1559588400,1559591999,232.5,233.09,232,232.93,385.58762148
1559592000,1559595599,232.5,234.26,232,233.15,813.10000543
1559595600,1559599199,232.8,233.18,230,231.03,442.63789967
1559599200,1559602799,231.0,231.04,228.71,230.15,672.04095016
1559602800,1559606399,229.99,230.1,220.34,222.33,2286.41250704
1559606400,1559609999,222.34,222.34,212.05,219.41,4482.82358026
1559610000,1559613599,220.0,221.98,219.65,220.85,584.87765931
1559613600,1559617199,220.84,222.0,219.59,221.99,570.07760517
1559617200,1559620799,221.96,221.96,216.77,217.12,491.45033164
1559620800,1559624399,217.16,221.55,216.26,220.66,855.44373352
1559624400,1559627999,220.51,221.6,217.66,218.62,1153.20750418
1559628000,1559631599,218.34,218.54,214.54,216.4,3457.45385797
1559631600,1559635199,216.57,217.48,214.3,217.48,1584.60905996
1559635200,1559638799,217.47,222.9,217.29,218.96,3267.59397215
1559638800,1559642399,218.9,220.35,217.85,219.85,1417.12000884
1559642400,1559645999,219.85,220.72,219.04,219.47,903.00378792
1559646000,1559649599,219.46,219.99,217.55,217.89,771.65517946
1559649600,1559653199,217.85,220.26,217.79,220.26,873.50708225
1559653200,1559656799,220.26,223.77,219.89,222.97,1103.10285348
1559656800,1559660399,222.97,223.41,222.01,222.1,369.90886098
1559660400,1559663999,222.01,223.29,221.04,221.89,407.45496789
1559664000,1559667599,221.87,222.58,220.28,220.28,693.31702192
1559667600,1559671199,220.3,221.18,211.15,213.06,3352.0914633
1559671200,1559674799,213.07,216.77,212.62,213,2317.34442175
1559674800,1559678399,213.2,214.73,207.03,210,3876.50085527
1559678400,1559681999,210.0,213.45,209.04,212.95,1081.55424161
1559682000,1559685599,212.91,213.44,208.02,208.03,2465.24427369
1559685600,1559689199,208.01,212.95,207.06,212.5,1087.26189574
1559689200,1559692799,212.45,214.25,211.36,214.25,296.76700005
1559692800,1559696399,214.25,216.03,214.0,214.0,307.38870799
1559696400,1559699999,214.03,215.33,213.02,213.95,161.48482129
1559700000,1559703599,213.95,216.31,213.75,215.53,159.69981832
1559703600,1559707199,215.64,215.83,214.68,215.03,46.69458909
1559707200,1559710799,214.98,215.57,214.25,215.57,250.01385668
1559710800,1559714399,215.62,216.37,214.92,215.18,881.29371746
1559714400,1559717999,215.34,215.82,214.01,215.39,534.06711303
1559718000,1559721599,215.3,219.99,214.85,218.4,1181.48288198
1559721600,1559725199,218.36,219.13,217.2,218.02,873.84467003
1559725200,1559728799,218.41,219.38,217.59,218.62,395.25043923
1559728800,1559732399,218.62,220.61,218.3,219.74,889.95530055
1559732400,1559735999,219.94,220.01,217.27,218.38,1232.05442118
1559736000,1559739599,218.23,218.38,216.0,216.04,598.11582227
1559739600,1559743199,216.04,216.99,215.09,215.96,755.42522434
1559743200,1559746799,215.97,217.04,212.36,214.25,676.03429681
1559746800,1559750399,214.2,215.0,211.54,213.55,1276.4299677
1559750400,1559753999,213.09,218.97,212.96,218.61,650.88660085
1559754000,1559757599,218.3,220.5,217.39,219.42,562.11924292
1559757600,1559761199,219.07,219.45,217.85,218.95,643.82312702
1559761200,1559764799,218.65,221.8,218.4,218.84,612.37610104
1559764800,1559768399,218.84,221.98,216.22,217.9,1136.40584667
1559768400,1559771999,217.74,218.92,215.82,218.59,462.38963287
1559772000,1559775599,218.1,220.86,217.58,219.74,419.79384804
1559775600,1559779199,219.3,220.42,218.84,218.84,329.5939094
1559779200,1559782799,218.97,220.08,218.33,218.74,145.39906866
1559782800,1559786399,218.43,220.65,218.38,219.87,58.84260325
1559786400,1559789999,220.0,220.45,219.27,220.45,26.55742241
1559790000,1559793599,220.44,220.67,219.89,220.39,65.04314933
1559793600,1559797199,220.11,220.25,218.16,219.29,54.2798167
1559797200,1559800799,218.86,219.5,217.88,218.97,372.73897922
1559800800,1559804399,218.94,219.55,218.28,219.54,368.2144118
1559804400,1559807999,219.54,220.0,217.05,217.15,415.72160784
1559808000,1559811599,217.08,218.95,216.07,218.93,426.84560424
1559811600,1559815199,218.75,219.49,217.69,217.87,117.08698357
1559815200,1559818799,217.91,218.76,217.51,218.6,250.16542045
1559818800,1559822399,218.59,219.97,218.37,219.36,454.18536433
1559822400,1559825999,219.37,219.41,215.25,216.66,1016.47844993
1559826000,1559829599,216.28,217.4,214.95,216.87,556.90833692
1559829600,1559833199,217.13,217.13,214.09,216.11,599.6323866
1559833200,1559836799,215.82,216.17,213.82,215.95,703.9230736
1559836800,1559840399,215.95,216.4,214.82,215.44,341.76372662
1559840400,1559843999,215.44,215.79,214.09,214.45,287.00157942
1559844000,1559847599,214.07,214.45,209.0,212.12,1762.92913334
1559847600,1559851199,212.13,212.37,210.96,211.78,675.89190299
1559851200,1559854799,211.76,215.21,211.52,214.1,568.30083169
1559854800,1559858399,214.25,216.23,213.91,215.87,714.14070443
1559858400,1559861999,215.85,216.23,215.09,216.23,252.25764655
1559862000,1559865599,216.01,222.5,216.0,222.19,1413.60734058
1559865600,1559869199,222.22,222.76,219.35,219.35,292.19047818
1559869200,1559872799,219.57,220.07,219.33,219.72,103.62714966
1559872800,1559876399,218.99,220.33,218.97,219.21,236.50531814
1559876400,1559879999,219.37,220.72,217.31,218.9,299.54025139
1559880000,1559883599,218.9,219.85,217.98,218.94,979.20532738
1559883600,1559887199,218.75,219.74,218.33,218.84,748.18640466
1559887200,1559890799,218.99,222.07,218.99,221.4,1628.17590402
1559890800,1559894399,221.4,222.33,220.19,220.81,764.24969496
1559894400,1559897999,220.65,222.5,220.65,221.71,794.15491936
1559898000,1559901599,221.29,221.8,220.21,220.89,561.38167162
1559901600,1559905199,220.88,221.9,220.57,221.0,390.71707291
1559905200,1559908799,220.98,221.5,220.0,220.01,360.82485603
